Company_Name,Plant_Name,Sales_Org_Name,Sales_Area_Name	,Customer_Code,Customer_Name,Customer_Profile,Street_house_number	,Postal_code,City,Region,Country,Price_List,GST_Number,Phone_number,Contact_Person,Mobile_number,E_mail_ID,ASM_Name,ASO_Name	,Bank_IFSC_Code,Bank_Account_Number,Account_Holder_Name,Status	,Loyalty_Type,Scheme_Discount	,Slab,ERP_ID,Latitude,Longitude
Vijay Home Foods TRICHY(VHFTRY),scoto,scoto,chenni,101,sakthi,demos - Sheet1.csv,Chinna Matlampatti(Vill),635205,Matlampatti (Pt),Tamilnadu ,United States,111,2,8220024601,Omsakthivel,8220024601,omsakthivel143@gmail.com,banana,banana,BFA8754278,85854075875,sakthi,Active,testing,20%,fdf2,2211,`32`1`3,Demo4
Vijay Home Foods (P) LTD(VHF),accenture,accenture,vellore,385,arul,demos - Sheet1.csv,Chinna Matlampatti(Vill),635205,Matlampatti (Pt),Tamilnadu ,United States,74,22,8220024601,accenture,9259592522,omskt@gmail.com,gftufgyvf,6it c,DAFG75414,487252992444,muni,Active,testing,28%,7373,733,444,`32`1`3
Vijay Home Foods (P) LTD(VHF),sss,jduuud,theni,838,Omsakthivel,demos - Sheet1.csv,Chinna Matlampatti(Vill),635205,Matlampatti (Pt),Tamilnadu ,United States,22,222,8220024601,Omsakthivel,8220024601,omsakthivel143@gmail.com,rrrrrrrr,Demo1,BSR113131,4253522321,velu,Active,testing,20%,Demo1,`12`2`,444,`32`1`3
Vijay Home Foods TRICHY(VHFTRY),scoto,scoto,chenni,101,sakthi,DEMO3,Chinna Matlampatti(Vill),635205,Matlampatti (Pt),Tamilnadu ,United States,111,2,8220024601,Omsakthivel,8220024601,omsakthivel143@gmail.com,banana,banana,BFA8754278,85854075875,sakthi,Active,testing,20%,fdf2,2211,`32`1`3,Demo4
Vijay Home Foods (P) LTD(VHF),accenture,accenture,vellore,385,arul,demos - Sheet1.csv,Chinna Matlampatti(Vill),635205,Matlampatti (Pt),Tamilnadu ,United States,74,22,8220024601,accenture,9259592522,omskt@gmail.com,gftufgyvf,6it c,DAFG75414,487252992444,muni,Active,testing,28%,7373,733,444,`32`1`3
Vijay Home Foods (P) LTD(VHF),sss,jduuud,theni,838,Omsakthivel,DEMO3,Chinna Matlampatti(Vill),635205,Matlampatti (Pt),Tamilnadu ,United States,22,222,8220024601,Omsakthivel,8220024601,omsakthivel143@gmail.com,rrrrrrrr,Demo1,BSR113131,4253522321,velu,Active,testing,20%,Demo1,`12`2`,444,`32`1`3
Vijay Home Foods TRICHY(VHFTRY),scoto,scoto,chenni,101,sakthi,demos - Sheet1.csv,Chinna Matlampatti(Vill),635205,Matlampatti (Pt),Tamilnadu ,United States,111,2,8220024601,Omsakthivel,8220024601,omsakthivel143@gmail.com,banana,banana,BFA8754278,85854075875,sakthi,Active,testing,20%,fdf2,2211,`32`1`3,Demo4
Vijay Home Foods (P) LTD(VHF),accenture,accenture,vellore,385,arul,DEMO3,Chinna Matlampatti(Vill),635205,Matlampatti (Pt),Tamilnadu ,United States,74,22,8220024601,accenture,9259592522,omskt@gmail.com,gftufgyvf,6it c,DAFG75414,487252992444,muni,Active,testing,28%,7373,733,444,`32`1`3
Vijay Home Foods (P) LTD(VHF),sss,jduuud,theni,838,Omsakthivel,demos - Sheet1.csv,Chinna Matlampatti(Vill),635205,Matlampatti (Pt),Tamilnadu ,United States,22,222,8220024601,Omsakthivel,8220024601,omsakthivel143@gmail.com,rrrrrrrr,Demo1,BSR113131,4253522321,velu,Active,testing,20%,Demo1,`12`2`,444,`32`1`3
Vijay Home Foods TRICHY(VHFTRY),scoto,scoto,chenni,101,sakthi,DEMO3,Chinna Matlampatti(Vill),635205,Matlampatti (Pt),Tamilnadu ,United States,111,2,8220024601,Omsakthivel,8220024601,omsakthivel143@gmail.com,banana,banana,BFA8754278,85854075875,sakthi,Active,testing,20%,fdf2,2211,`32`1`3,Demo4
Vijay Home Foods (P) LTD(VHF),accenture,accenture,vellore,385,arul,demos - Sheet1.csv,Chinna Matlampatti(Vill),635205,Matlampatti (Pt),Tamilnadu ,United States,74,22,8220024601,accenture,9259592522,omskt@gmail.com,gftufgyvf,6it c,DAFG75414,487252992444,muni,Active,testing,28%,7373,733,444,`32`1`3
Vijay Home Foods (P) LTD(VHF),sss,jduuud,theni,838,Omsakthivel,DEMO3,Chinna Matlampatti(Vill),635205,Matlampatti (Pt),Tamilnadu ,United States,22,222,8220024601,Omsakthivel,8220024601,omsakthivel143@gmail.com,rrrrrrrr,Demo1,BSR113131,4253522321,velu,Active,testing,20%,Demo1,`12`2`,444,`32`1`3
Vijay Home Foods TRICHY(VHFTRY),scoto,scoto,chenni,101,sakthi,demos - Sheet1.csv,Chinna Matlampatti(Vill),635205,Matlampatti (Pt),Tamilnadu ,United States,111,2,8220024601,Omsakthivel,8220024601,omsakthivel143@gmail.com,banana,banana,BFA8754278,85854075875,sakthi,Active,testing,20%,fdf2,2211,`32`1`3,Demo4
Vijay Home Foods (P) LTD(VHF),accenture,accenture,vellore,385,arul,DEMO3,Chinna Matlampatti(Vill),635205,Matlampatti (Pt),Tamilnadu ,United States,74,22,8220024601,accenture,9259592522,omskt@gmail.com,gftufgyvf,6it c,DAFG75414,487252992444,muni,Active,testing,28%,7373,733,444,`32`1`3
Vijay Home Foods (P) LTD(VHF),sss,jduuud,theni,838,Omsakthivel,demos - Sheet1.csv,Chinna Matlampatti(Vill),635205,Matlampatti (Pt),Tamilnadu ,United States,22,222,8220024601,Omsakthivel,8220024601,omsakthivel143@gmail.com,rrrrrrrr,Demo1,BSR113131,4253522321,velu,Active,testing,20%,Demo1,`12`2`,444,`32`1`3
Vijay Home Foods TRICHY(VHFTRY),scoto,scoto,chenni,101,sakthi,DEMO3,Chinna Matlampatti(Vill),635205,Matlampatti (Pt),Tamilnadu ,United States,111,2,8220024601,Omsakthivel,8220024601,omsakthivel143@gmail.com,banana,banana,BFA8754278,85854075875,sakthi,Active,testing,20%,fdf2,2211,`32`1`3,Demo4
Vijay Home Foods (P) LTD(VHF),accenture,accenture,vellore,385,arul,demos - Sheet1.csv,Chinna Matlampatti(Vill),635205,Matlampatti (Pt),Tamilnadu ,United States,74,22,8220024601,accenture,9259592522,omskt@gmail.com,gftufgyvf,6it c,DAFG75414,487252992444,muni,Active,testing,28%,7373,733,444,`32`1`3
Vijay Home Foods (P) LTD(VHF),sss,jduuud,theni,838,Omsakthivel,DEMO3,Chinna Matlampatti(Vill),635205,Matlampatti (Pt),Tamilnadu ,United States,22,222,8220024601,Omsakthivel,8220024601,omsakthivel143@gmail.com,rrrrrrrr,Demo1,BSR113131,4253522321,velu,Active,testing,20%,Demo1,`12`2`,444,`32`1`3
Vijay Home Foods TRICHY(VHFTRY),scoto,scoto,chenni,101,sakthi,demos - Sheet1.csv,Chinna Matlampatti(Vill),635205,Matlampatti (Pt),Tamilnadu ,United States,111,2,8220024601,Omsakthivel,8220024601,omsakthivel143@gmail.com,banana,banana,BFA8754278,85854075875,sakthi,Active,testing,20%,fdf2,2211,`32`1`3,Demo4
Vijay Home Foods (P) LTD(VHF),accenture,accenture,vellore,385,arul,DEMO3,Chinna Matlampatti(Vill),635205,Matlampatti (Pt),Tamilnadu ,United States,74,22,8220024601,accenture,9259592522,omskt@gmail.com,gftufgyvf,6it c,DAFG75414,487252992444,muni,Active,testing,28%,7373,733,444,`32`1`3
Vijay Home Foods (P) LTD(VHF),sss,jduuud,theni,838,Omsakthivel,demos - Sheet1.csv,Chinna Matlampatti(Vill),635205,Matlampatti (Pt),Tamilnadu ,United States,22,222,8220024601,Omsakthivel,8220024601,omsakthivel143@gmail.com,rrrrrrrr,Demo1,BSR113131,4253522321,velu,Active,testing,20%,Demo1,`12`2`,444,`32`1`3
Vijay Home Foods TRICHY(VHFTRY),scoto,scoto,chenni,101,sakthi,DEMO3,Chinna Matlampatti(Vill),635205,Matlampatti (Pt),Tamilnadu ,United States,111,2,8220024601,Omsakthivel,8220024601,omsakthivel143@gmail.com,banana,banana,BFA8754278,85854075875,sakthi,Active,testing,20%,fdf2,2211,`32`1`3,Demo4
Vijay Home Foods (P) LTD(VHF),accenture,accenture,vellore,385,arul,demos - Sheet1.csv,Chinna Matlampatti(Vill),635205,Matlampatti (Pt),Tamilnadu ,United States,74,22,8220024601,accenture,9259592522,omskt@gmail.com,gftufgyvf,6it c,DAFG75414,487252992444,muni,Active,testing,28%,7373,733,444,`32`1`3
Vijay Home Foods (P) LTD(VHF),sss,jduuud,theni,838,Omsakthivel,DEMO3,Chinna Matlampatti(Vill),635205,Matlampatti (Pt),Tamilnadu ,United States,22,222,8220024601,Omsakthivel,8220024601,omsakthivel143@gmail.com,rrrrrrrr,Demo1,BSR113131,4253522321,velu,Active,testing,20%,Demo1,`12`2`,444,`32`1`3
Vijay Home Foods TRICHY(VHFTRY),scoto,scoto,chenni,101,sakthi,demos - Sheet1.csv,Chinna Matlampatti(Vill),635205,Matlampatti (Pt),Tamilnadu ,United States,111,2,8220024601,Omsakthivel,8220024601,omsakthivel143@gmail.com,banana,banana,BFA8754278,85854075875,sakthi,Active,testing,20%,fdf2,2211,`32`1`3,Demo4
Vijay Home Foods (P) LTD(VHF),accenture,accenture,vellore,385,arul,DEMO3,Chinna Matlampatti(Vill),635205,Matlampatti (Pt),Tamilnadu ,United States,74,22,8220024601,accenture,9259592522,omskt@gmail.com,gftufgyvf,6it c,DAFG75414,487252992444,muni,Active,testing,28%,7373,733,444,`32`1`3
Vijay Home Foods (P) LTD(VHF),sss,jduuud,theni,838,Omsakthivel,demos - Sheet1.csv,Chinna Matlampatti(Vill),635205,Matlampatti (Pt),Tamilnadu ,United States,22,222,8220024601,Omsakthivel,8220024601,omsakthivel143@gmail.com,rrrrrrrr,Demo1,BSR113131,4253522321,velu,Active,testing,20%,Demo1,`12`2`,444,`32`1`3
Vijay Home Foods TRICHY(VHFTRY),scoto,scoto,chenni,101,sakthi,DEMO3,Chinna Matlampatti(Vill),635205,Matlampatti (Pt),Tamilnadu ,United States,111,2,8220024601,Omsakthivel,8220024601,omsakthivel143@gmail.com,banana,banana,BFA8754278,85854075875,sakthi,Active,testing,20%,fdf2,2211,`32`1`3,Demo4
Vijay Home Foods (P) LTD(VHF),accenture,accenture,vellore,385,arul,demos - Sheet1.csv,Chinna Matlampatti(Vill),635205,Matlampatti (Pt),Tamilnadu ,United States,74,22,8220024601,accenture,9259592522,omskt@gmail.com,gftufgyvf,6it c,DAFG75414,487252992444,muni,Active,testing,28%,7373,733,444,`32`1`3
Vijay Home Foods (P) LTD(VHF),sss,jduuud,theni,838,Omsakthivel,DEMO3,Chinna Matlampatti(Vill),635205,Matlampatti (Pt),Tamilnadu ,United States,22,222,8220024601,Omsakthivel,8220024601,omsakthivel143@gmail.com,rrrrrrrr,Demo1,BSR113131,4253522321,velu,Active,testing,20%,Demo1,`12`2`,444,`32`1`3
Vijay Home Foods TRICHY(VHFTRY),scoto,scoto,chenni,101,sakthi,demos - Sheet1.csv,Chinna Matlampatti(Vill),635205,Matlampatti (Pt),Tamilnadu ,United States,111,2,8220024601,Omsakthivel,8220024601,omsakthivel143@gmail.com,banana,banana,BFA8754278,85854075875,sakthi,Active,testing,20%,fdf2,2211,`32`1`3,Demo4
Vijay Home Foods (P) LTD(VHF),accenture,accenture,vellore,385,arul,DEMO3,Chinna Matlampatti(Vill),635205,Matlampatti (Pt),Tamilnadu ,United States,74,22,8220024601,accenture,9259592522,omskt@gmail.com,gftufgyvf,6it c,DAFG75414,487252992444,muni,Active,testing,28%,7373,733,444,`32`1`3
Vijay Home Foods (P) LTD(VHF),sss,jduuud,theni,838,Omsakthivel,demos - Sheet1.csv,Chinna Matlampatti(Vill),635205,Matlampatti (Pt),Tamilnadu ,United States,22,222,8220024601,Omsakthivel,8220024601,omsakthivel143@gmail.com,rrrrrrrr,Demo1,BSR113131,4253522321,velu,Active,testing,20%,Demo1,`12`2`,444,`32`1`3
Vijay Home Foods TRICHY(VHFTRY),scoto,scoto,chenni,101,sakthi,DEMO3,Chinna Matlampatti(Vill),635205,Matlampatti (Pt),Tamilnadu ,United States,111,2,8220024601,Omsakthivel,8220024601,omsakthivel143@gmail.com,banana,banana,BFA8754278,85854075875,sakthi,Active,testing,20%,fdf2,2211,`32`1`3,Demo4
Vijay Home Foods (P) LTD(VHF),accenture,accenture,vellore,385,arul,demos - Sheet1.csv,Chinna Matlampatti(Vill),635205,Matlampatti (Pt),Tamilnadu ,United States,74,22,8220024601,accenture,9259592522,omskt@gmail.com,gftufgyvf,6it c,DAFG75414,487252992444,muni,Active,testing,28%,7373,733,444,`32`1`3
Vijay Home Foods (P) LTD(VHF),sss,jduuud,theni,838,Omsakthivel,DEMO3,Chinna Matlampatti(Vill),635205,Matlampatti (Pt),Tamilnadu ,United States,22,222,8220024601,Omsakthivel,8220024601,omsakthivel143@gmail.com,rrrrrrrr,Demo1,BSR113131,4253522321,velu,Active,testing,20%,Demo1,`12`2`,444,`32`1`3
Vijay Home Foods TRICHY(VHFTRY),scoto,scoto,chenni,101,sakthi,demos - Sheet1.csv,Chinna Matlampatti(Vill),635205,Matlampatti (Pt),Tamilnadu ,United States,111,2,8220024601,Omsakthivel,8220024601,omsakthivel143@gmail.com,banana,banana,BFA8754278,85854075875,sakthi,Active,testing,20%,fdf2,2211,`32`1`3,Demo4
Vijay Home Foods (P) LTD(VHF),accenture,accenture,vellore,385,arul,DEMO3,Chinna Matlampatti(Vill),635205,Matlampatti (Pt),Tamilnadu ,United States,74,22,8220024601,accenture,9259592522,omskt@gmail.com,gftufgyvf,6it c,DAFG75414,487252992444,muni,Active,testing,28%,7373,733,444,`32`1`3
Vijay Home Foods (P) LTD(VHF),sss,jduuud,theni,838,Omsakthivel,demos - Sheet1.csv,Chinna Matlampatti(Vill),635205,Matlampatti (Pt),Tamilnadu ,United States,22,222,8220024601,Omsakthivel,8220024601,omsakthivel143@gmail.com,rrrrrrrr,Demo1,BSR113131,4253522321,velu,Active,testing,20%,Demo1,`12`2`,444,`32`1`3
Vijay Home Foods (P) LTD(VHF),sss,jduuud,theni,838,Omsakthivel,DEMO3,Chinna Matlampatti(Vill),635205,Matlampatti (Pt),Tamilnadu ,United States,22,222,8220024601,Omsakthivel,8220024601,omsakthivel143@gmail.com,rrrrrrrr,Demo1,BSR113131,4253522321,velu,Active,testing,20%,Demo1,`12`2`,444,`32`1`3
Vijay Home Foods TRICHY(VHFTRY),scoto,scoto,chenni,101,sakthi,demos - Sheet1.csv,Chinna Matlampatti(Vill),635205,Matlampatti (Pt),Tamilnadu ,United States,111,2,8220024601,Omsakthivel,8220024601,omsakthivel143@gmail.com,banana,banana,BFA8754278,85854075875,sakthi,Active,testing,20%,fdf2,2211,`32`1`3,Demo4
Vijay Home Foods (P) LTD(VHF),accenture,accenture,vellore,385,arul,DEMO3,Chinna Matlampatti(Vill),635205,Matlampatti (Pt),Tamilnadu ,United States,74,22,8220024601,accenture,9259592522,omskt@gmail.com,gftufgyvf,6it c,DAFG75414,487252992444,muni,Active,testing,28%,7373,733,444,`32`1`3
Vijay Home Foods (P) LTD(VHF),sss,jduuud,theni,838,Omsakthivel,demos - Sheet1.csv,Chinna Matlampatti(Vill),635205,Matlampatti (Pt),Tamilnadu ,United States,22,222,8220024601,Omsakthivel,8220024601,omsakthivel143@gmail.com,rrrrrrrr,Demo1,BSR113131,4253522321,velu,Active,testing,20%,Demo1,`12`2`,444,`32`1`3
Vijay Home Foods TRICHY(VHFTRY),scoto,scoto,chenni,101,sakthi,demos - Sheet1.csv,Chinna Matlampatti(Vill),635205,Matlampatti (Pt),Tamilnadu ,United States,111,2,8220024601,Omsakthivel,8220024601,omsakthivel143@gmail.com,banana,banana,BFA8754278,85854075875,sakthi,Active,testing,20%,fdf2,2211,`32`1`3,Demo4
Vijay Home Foods (P) LTD(VHF),accenture,accenture,vellore,385,arul,DEMO3,Chinna Matlampatti(Vill),635205,Matlampatti (Pt),Tamilnadu ,United States,74,22,8220024601,accenture,9259592522,omskt@gmail.com,gftufgyvf,6it c,DAFG75414,487252992444,muni,Active,testing,28%,7373,733,444,`32`1`3
Vijay Home Foods (P) LTD(VHF),sss,jduuud,theni,838,Omsakthivel,DEMO3,Chinna Matlampatti(Vill),635205,Matlampatti (Pt),Tamilnadu ,United States,22,222,8220024601,Omsakthivel,8220024601,omsakthivel143@gmail.com,rrrrrrrr,Demo1,BSR113131,4253522321,velu,Active,testing,20%,Demo1,`12`2`,444,`32`1`3
Vijay Home Foods TRICHY(VHFTRY),scoto,scoto,chenni,101,sakthi,demos - Sheet1.csv,Chinna Matlampatti(Vill),635205,Matlampatti (Pt),Tamilnadu ,United States,111,2,8220024601,Omsakthivel,8220024601,omsakthivel143@gmail.com,banana,banana,BFA8754278,85854075875,sakthi,Active,testing,20%,fdf2,2211,`32`1`3,Demo4
Vijay Home Foods (P) LTD(VHF),accenture,accenture,vellore,385,arul,DEMO3,Chinna Matlampatti(Vill),635205,Matlampatti (Pt),Tamilnadu ,United States,74,22,8220024601,accenture,9259592522,omskt@gmail.com,gftufgyvf,6it c,DAFG75414,487252992444,muni,Active,testing,28%,7373,733,444,`32`1`3
Vijay Home Foods (P) LTD(VHF),sss,jduuud,theni,838,Omsakthivel,DEMO3,Chinna Matlampatti(Vill),635205,Matlampatti (Pt),Tamilnadu ,United States,22,222,8220024601,Omsakthivel,8220024601,omsakthivel143@gmail.com,rrrrrrrr,Demo1,BSR113131,4253522321,velu,Active,testing,20%,Demo1,`12`2`,444,`32`1`3
Vijay Home Foods TRICHY(VHFTRY),scoto,scoto,chenni,101,sakthi,demos - Sheet1.csv,Chinna Matlampatti(Vill),635205,Matlampatti (Pt),Tamilnadu ,United States,111,2,8220024601,Omsakthivel,8220024601,omsakthivel143@gmail.com,banana,banana,BFA8754278,85854075875,sakthi,Active,testing,20%,fdf2,2211,`32`1`3,Demo4
Vijay Home Foods (P) LTD(VHF),accenture,accenture,vellore,385,arul,DEMO3,Chinna Matlampatti(Vill),635205,Matlampatti (Pt),Tamilnadu ,United States,74,22,8220024601,accenture,9259592522,omskt@gmail.com,gftufgyvf,6it c,DAFG75414,487252992444,muni,Active,testing,28%,7373,733,444,`32`1`3
Vijay Home Foods (P) LTD(VHF),sss,jduuud,theni,838,Omsakthivel,DEMO3,Chinna Matlampatti(Vill),635205,Matlampatti (Pt),Tamilnadu ,United States,22,222,8220024601,Omsakthivel,8220024601,omsakthivel143@gmail.com,rrrrrrrr,Demo1,BSR113131,4253522321,velu,Active,testing,20%,Demo1,`12`2`,444,`32`1`3
Vijay Home Foods TRICHY(VHFTRY),scoto,scoto,chenni,101,sakthi,demos - Sheet1.csv,Chinna Matlampatti(Vill),635205,Matlampatti (Pt),Tamilnadu ,United States,111,2,8220024601,Omsakthivel,8220024601,omsakthivel143@gmail.com,banana,banana,BFA8754278,85854075875,sakthi,Active,testing,20%,fdf2,2211,`32`1`3,Demo4
Vijay Home Foods (P) LTD(VHF),accenture,accenture,vellore,385,arul,DEMO3,Chinna Matlampatti(Vill),635205,Matlampatti (Pt),Tamilnadu ,United States,74,22,8220024601,accenture,9259592522,omskt@gmail.com,gftufgyvf,6it c,DAFG75414,487252992444,muni,Active,testing,28%,7373,733,444,`32`1`3
Vijay Home Foods (P) LTD(VHF),sss,jduuud,theni,838,Omsakthivel,DEMO3,Chinna Matlampatti(Vill),635205,Matlampatti (Pt),Tamilnadu ,United States,22,222,8220024601,Omsakthivel,8220024601,omsakthivel143@gmail.com,rrrrrrrr,Demo1,BSR113131,4253522321,velu,Active,testing,20%,Demo1,`12`2`,444,`32`1`3